<?xml version="1.0" encoding="UTF-8"?>
<l:dependencies xmlns:l='licenses' groupId='org.jenkins-ci.plugins' artifactId='git' version='2.4.2'><l:dependency name='Jenkins Git plugin' groupId='org.jenkins-ci.plugins' artifactId='git' version='2.4.2' url='http://wiki.jenkins-ci.org/display/JENKINS/Git+Plugin'><l:description>Integrates Jenkins with GIT SCM</l:description><l:license name='The MIT License (MIT)' url='http://opensource.org/licenses/MIT'/></l:dependency><l:dependency name='Apache Commons Logging' groupId='commons-logging' artifactId='commons-logging' version='1.2' url='http://commons.apache.org/proper/commons-logging/'><l:description>Apache Commons Logging is a thin adapter allowing configurable bridging to other,
    well known logging systems.</l:description><l:license name='The Apache Software License, Version 2.0' url='http://www.apache.org/licenses/LICENSE-2.0.txt'/></l:dependency><l:dependency name='Joda-Time' groupId='joda-time' artifactId='joda-time' version='2.9.2' url='http://www.joda.org/joda-time/'><l:description>Date and time library to replace JDK date handling</l:description><l:license name='Apache 2' url='http://www.apache.org/licenses/LICENSE-2.0.txt'/></l:dependency><l:dependency name='Annotation Indexer' groupId='org.jenkins-ci' artifactId='annotation-indexer' version='1.4' url='http://jenkins-ci.org/annotation-indexer/'><l:description>Creates index of annotations.</l:description><l:license name='MIT License' url='http://jenkins-ci.org/mit-license'/></l:dependency><l:dependency name='Bridge method injection annotations' groupId='com.infradna.tool' artifactId='bridge-method-annotation' version='1.14' url='http://bridge-method-injector.infradna.com/bridge-method-annotation/'><l:description>Evolve your classes without breaking compatibility</l:description><l:license name='MIT License' url='http://www.opensource.org/licenses/mit-license.php'/></l:dependency><l:dependency name='Apache HttpCore' groupId='org.apache.httpcomponents' artifactId='httpcore' version='4.4.1' url='http://hc.apache.org/httpcomponents-core-ga'><l:description>Apache HttpComponents Core (blocking I/O)</l:description><l:license name='Apache License, Version 2.0' url='http://www.apache.org/licenses/LICENSE-2.0.txt'/></l:dependency><l:dependency name='Apache Commons Codec' groupId='commons-codec' artifactId='commons-codec' version='1.9' url='http://commons.apache.org/proper/commons-codec/'><l:description>The Apache Commons Codec package contains simple encoder and decoders for
     various formats such as Base64 and Hexadecimal.  In addition to these
     widely used encoders and decoders, the codec package also maintains a
     collection of phonetic encoding utilities.</l:description><l:license name='The Apache Software License, Version 2.0' url='http://www.apache.org/licenses/LICENSE-2.0.txt'/></l:dependency></l:dependencies>